{
    "basis_dervs": {
        "1": [
            [
                "-0.999999999999999", 
                "-1.00000000000000"
            ], 
            [
                "0.999999999999999", 
                "8.88178419700125e-16"
            ], 
            [
                "0", 
                "1.00000000000000"
            ]
        ]
    }, 
    "dim": 2, 
    "nnodes": 3, 
    "eval_dervs": {
        "1": [
            [
                "4.0*k[0] + 4.0*k[1] - 1.48029736616688e-16*(-1.0*k[1] + 1.0)**2 - 1.22941284375915e-16*(3.0*k[1] - 1.0)*(3.33333333333333*k[1] - 1.55555555555556) + 2.96059473233375e-16*(2.0*k[0] + 1.0*k[1] - 1.0)*(3.0*k[0] + 1.5*k[1] - 1.5) - 3.0", 
                "4.0*k[0] + 4.0*k[1] + 4.6102568677199e-16*(-1.0*k[1] + 1.0)**2 + 1.32188029255909e-16*(3.0*k[1] - 1.0)*(3.33333333333333*k[1] - 1.55555555555556) + 1.72837411861163e-16*(5.0*k[1] - 1.0)*(2.0*k[0] + 1.0*k[1] - 1.0) - 9.22051373543979e-16*(2.0*k[0] + 1.0*k[1] - 1.0)*(3.0*k[0] + 1.5*k[1] - 1.5) - 3.0"
            ], 
            [
                "4.0*k[0] + 3.77475828372553e-15*k[1] - 1.48029736616688e-16*(-1.0*k[1] + 1.0)**2 - 6.71469644663213e-16*(3.0*k[1] - 1.0)*(3.33333333333333*k[1] - 1.55555555555556) + 2.96059473233375e-16*(2.0*k[0] + 1.0*k[1] - 1.0)*(3.0*k[0] + 1.5*k[1] - 1.5) - 1.0", 
                "4.4900044910687e-15*k[0] + 3.99680288865056e-15*k[1] - 1.69364769219269e-17*(-1.0*k[1] + 1.0)**2 + 7.13923314126031e-17*(3.0*k[1] - 1.0)*(3.33333333333333*k[1] - 1.55555555555556) - 4.31232123531951e-16*(5.0*k[1] - 1.0)*(2.0*k[0] + 1.0*k[1] - 1.0) + 3.38729538438538e-17*(2.0*k[0] + 1.0*k[1] - 1.0)*(3.0*k[0] + 1.5*k[1] - 1.5) + 4.55191440096314e-15"
            ], 
            [
                "0", 
                "7.49010659183664e-17*k[0] + 4.0*k[1] - 3.99227089416579e-17*(3.0*k[1] - 1.0)*(3.33333333333333*k[1] - 1.55555555555556) - 1.74218348819935e-17*(5.0*k[1] - 1.0)*(2.0*k[0] + 1.0*k[1] - 1.0) - 1.0"
            ], 
            [
                "-1.22088818970532e-16*k[0] + 4.0*k[1] - 7.07545606659721e-16*(3.0*k[1] - 1.0)*(3.33333333333333*k[1] - 1.55555555555556)", 
                "3.99999999999999*k[0] - 8.88178419700125e-15*k[1] + 4.77962163693916e-16*(-1.0*k[1] + 1.0)**2 - 1.0469251440264e-15*(3.0*k[1] - 1.0)*(3.33333333333333*k[1] - 1.55555555555556) + 7.75953880709005e-17*(5.0*k[1] - 1.0)*(2.0*k[0] + 1.0*k[1] - 1.0) - 9.55924327387832e-16*(2.0*k[0] + 1.0*k[1] - 1.0)*(3.0*k[0] + 1.5*k[1] - 1.5) - 7.32747196252603e-15"
            ], 
            [
                "1.22088818970532e-16*k[0] - 4.0*k[1] + 7.07545606659721e-16*(3.0*k[1] - 1.0)*(3.33333333333333*k[1] - 1.55555555555556)", 
                "-3.99999999999999*k[0] - 8.0*k[1] - 4.77962163693916e-16*(-1.0*k[1] + 1.0)**2 + 4.01575918970768e-16*(3.0*k[1] - 1.0)*(3.33333333333333*k[1] - 1.55555555555556) - 4.27517183069135e-17*(5.0*k[1] - 1.0)*(2.0*k[0] + 1.0*k[1] - 1.0) + 9.55924327387832e-16*(2.0*k[0] + 1.0*k[1] - 1.0)*(3.0*k[0] + 1.5*k[1] - 1.5) + 4.00000000000001"
            ], 
            [
                "-8.00000000000001*k[0] - 4.0*k[1] + 2.96059473233375e-16*(-1.0*k[1] + 1.0)**2 + 7.94410929039127e-16*(3.0*k[1] - 1.0)*(3.33333333333333*k[1] - 1.55555555555556) - 5.9211894646675e-16*(2.0*k[0] + 1.0*k[1] - 1.0)*(3.0*k[0] + 1.5*k[1] - 1.5) + 4.0", 
                "-4.0*k[0] + 1.33226762955019e-15*k[1] - 4.44089209850063e-16*(-1.0*k[1] + 1.0)**2 + 4.81691573328773e-16*(3.0*k[1] - 1.0)*(3.33333333333333*k[1] - 1.55555555555556) + 2.40972876788794e-16*(5.0*k[1] - 1.0)*(2.0*k[0] + 1.0*k[1] - 1.0) + 8.88178419700125e-16*(2.0*k[0] + 1.0*k[1] - 1.0)*(3.0*k[0] + 1.5*k[1] - 1.5) + 2.22044604925031e-16"
            ]
        ]
    }, 
    "basis_functions": [
        "-1.0*k[0] - 1.0*k[1] + 1.0", 
        "1.0*k[0] + 2.77555756156289e-17", 
        "1.0*k[1]"
    ], 
    "test": "(k[0] + 1.0e-14 >= 0) && (k[1] + 1.0e-14 >= 0) && (k[0] + k[1] - 1.0e-14 <= 1)", 
    "k": [
        0.3333333333333333, 
        0.3333333333333333
    ], 
    "eval_basis": [
        [
            "-0.6*k[0] - 0.6*k[1] - 0.166666666666667*(-1.0*k[1] + 1.0)**2 + 0.0666666666666667*(3.0*k[1] - 1.0)*(3.33333333333333*k[1] - 1.55555555555556) + 0.2*(5.0*k[1] - 1.0)*(2.0*k[0] + 1.0*k[1] - 1.0) + 0.333333333333333*(2.0*k[0] + 1.0*k[1] - 1.0)*(3.0*k[0] + 1.5*k[1] - 1.5) + 0.362962962962963"
        ], 
        [
            "0.6*k[0] - 5.55111512312578e-17*k[1] - 0.166666666666667*(-1.0*k[1] + 1.0)**2 + 0.0666666666666667*(3.0*k[1] - 1.0)*(3.33333333333333*k[1] - 1.55555555555556) - 0.2*(5.0*k[1] - 1.0)*(2.0*k[0] + 1.0*k[1] - 1.0) + 0.333333333333333*(2.0*k[0] + 1.0*k[1] - 1.0)*(3.0*k[0] + 1.5*k[1] - 1.5) - 0.237037037037037"
        ], 
        [
            "0.6*k[1] + 0.2*(3.0*k[1] - 1.0)*(3.33333333333333*k[1] - 1.55555555555556) - 0.311111111111111"
        ], 
        [
            "0.8*k[0] + 0.8*k[1] - 0.2*(3.0*k[1] - 1.0)*(3.33333333333333*k[1] - 1.55555555555556) + 0.4*(5.0*k[1] - 1.0)*(2.0*k[0] + 1.0*k[1] - 1.0) - 0.0888888888888889"
        ], 
        [
            "-0.8*k[0] - 5.55111512312578e-17*k[1] - 0.2*(3.0*k[1] - 1.0)*(3.33333333333333*k[1] - 1.55555555555556) - 0.4*(5.0*k[1] - 1.0)*(2.0*k[0] + 1.0*k[1] - 1.0) + 0.711111111111111"
        ], 
        [
            "4.44089209850063e-17*k[0] - 0.8*k[1] + 0.333333333333333*(-1.0*k[1] + 1.0)**2 + 0.0666666666666667*(3.0*k[1] - 1.0)*(3.33333333333333*k[1] - 1.55555555555556) + 2.22044604925031e-17*(5.0*k[1] - 1.0)*(2.0*k[0] + 1.0*k[1] - 1.0) - 0.666666666666667*(2.0*k[0] + 1.0*k[1] - 1.0)*(3.0*k[0] + 1.5*k[1] - 1.5) + 0.562962962962963"
        ]
    ], 
    "isAffine": true
}